id,Target
7322,-1
7323,-1
7324,-1
7325,0
7326,1
7327,-1
7328,0
7329,-1
7330,-1
7331,-1
7332,-1
7333,-1
7334,-1
7335,-1
7336,1
7337,-1
7338,1
7339,0
7340,1
7341,-1
7342,1
7343,-1
7344,-1
7345,-1
7346,-1
7347,-1
7348,-1
7349,-1
7350,0
7351,-1
7352,-1
7353,-1
7354,-1
7355,-1
7356,-1
7357,-1
7358,-1
7359,-1
7360,-1
7361,-1
7362,-1
7363,-1
7364,-1
7365,1
7366,-1
7367,-1
7368,-1
7369,-1
7370,0
7371,0
7372,0
7373,-1
7374,-1
7375,-1
7376,-1
7377,-1
7378,-1
7379,-1
7380,0
7381,-1
7382,-1
7383,-1
7384,-1
7385,-1
7386,1
7387,1
7388,1
7389,-1
7390,0
7391,-1
7392,-1
7393,-1
7394,-1
7395,1
7396,-1
7397,-1
7398,-1
7399,-1
7400,-1
7401,0
7402,-1
7403,-1
7404,-1
7405,-1
7406,-1
7407,0
7408,-1
7409,0
7410,-1
7411,-1
7412,-1
7413,0
7414,-1
7415,-1
7416,1
7417,1
7418,-1
7419,1
7420,-1
7421,-1
7422,-1
7423,1
7424,-1
7425,-1
7426,0
7427,1
7428,-1
7429,0
7430,-1
7431,-1
7432,-1
7433,-1
7434,0
7435,1
7436,-1
7437,0
7438,-1
7439,-1
7440,0
7441,-1
7442,-1
7443,-1
7444,-1
7445,0
7446,0
7447,1
7448,-1
7449,-1
7450,-1
7451,-1
7452,0
7453,1
7454,-1
7455,-1
7456,1
7457,-1
7458,-1
7459,-1
7460,1
7461,1
7462,1
7463,-1
7464,-1
7465,0
7466,0
7467,-1
7468,0
7469,-1
7470,-1
7471,0
7472,1
7473,0
7474,-1
7475,1
7476,0
7477,-1
7478,-1
7479,1
7480,-1
7481,1
7482,-1
7483,1
7484,0
7485,-1
7486,0
7487,1
7488,-1
7489,-1
7490,-1
7491,-1
7492,1
7493,0
7494,1
7495,-1
7496,-1
7497,0
7498,-1
7499,-1
7500,-1
7501,-1
7502,1
7503,-1
7504,-1
7505,1
7506,-1
7507,0
7508,0
7509,0
7510,-1
7511,-1
7512,-1
7513,-1
7514,0
7515,-1
7516,0
7517,-1
7518,0
7519,-1
7520,1
7521,0
7522,0
7523,-1
7524,-1
7525,-1
7526,-1
7527,0
7528,-1
7529,-1
7530,-1
7531,-1
7532,0
7533,-1
7534,-1
7535,-1
7536,-1
7537,-1
7538,-1
7539,-1
7540,0
7541,-1
7542,-1
7543,1
7544,-1
7545,1
7546,-1
7547,-1
7548,0
7549,-1
7550,-1
7551,-1
7552,0
7553,-1
7554,-1
7555,1
7556,-1
7557,-1
7558,-1
7559,-1
7560,0
7561,1
7562,-1
7563,0
7564,-1
7565,0
7566,-1
7567,0
7568,0
7569,-1
7570,1
7571,-1
7572,-1
7573,-1
7574,-1
7575,-1
7576,-1
7577,-1
7578,-1
7579,-1
7580,0
7581,-1
7582,-1
7583,0
7584,-1
7585,1
7586,-1
7587,-1
7588,0
7589,0
7590,0
7591,1
7592,-1
7593,0
7594,1
7595,-1
7596,-1
7597,1
7598,-1
7599,1
7600,-1
7601,1
7602,-1
7603,-1
7604,-1
7605,-1
7606,0
7607,-1
7608,0
7609,-1
7610,0
7611,-1
7612,-1
7613,-1
7614,0
7615,-1
7616,-1
7617,-1
7618,1
7619,0
7620,-1
7621,-1
7622,0
7623,1
7624,-1
7625,0
7626,1
7627,-1
7628,-1
7629,-1
7630,1
7631,-1
7632,-1
7633,0
7634,0
7635,0
7636,1
7637,-1
7638,-1
7639,0
7640,0
7641,-1
7642,0
7643,0
7644,-1
7645,-1
7646,-1
7647,-1
7648,-1
7649,-1
7650,-1
7651,-1
7652,0
7653,-1
7654,-1
7655,1
7656,-1
7657,1
7658,-1
7659,1
7660,-1
7661,-1
7662,0
7663,1
7664,-1
7665,-1
7666,1
7667,-1
7668,-1
7669,-1
7670,-1
7671,1
7672,-1
7673,-1
7674,-1
7675,-1
7676,1
7677,-1
7678,-1
7679,-1
7680,-1
7681,-1
7682,-1
7683,0
7684,-1
7685,-1
7686,-1
7687,-1
7688,-1
7689,-1
7690,-1
7691,-1
7692,-1
7693,-1
7694,-1
7695,-1
7696,-1
7697,-1
7698,-1
7699,-1
7700,-1
7701,0
7702,1
7703,-1
7704,-1
7705,-1
7706,0
7707,-1
7708,-1
7709,-1
7710,-1
7711,-1
7712,-1
7713,-1
7714,-1
7715,-1
7716,-1
7717,1
7718,0
7719,-1
7720,-1
7721,-1
7722,-1
7723,-1
7724,0
7725,0
7726,-1
7727,0
7728,-1
7729,0
7730,0
7731,-1
7732,-1
7733,-1
7734,0
7735,-1
7736,1
7737,0
7738,-1
7739,-1
7740,-1
7741,0
7742,0
7743,0
7744,1
7745,-1
7746,0
7747,1
7748,-1
7749,-1
7750,-1
7751,-1
7752,-1
7753,-1
7754,-1
7755,-1
7756,-1
7757,-1
7758,-1
7759,-1
7760,-1
7761,1
7762,-1
7763,0
7764,-1
7765,1
7766,-1
7767,-1
7768,0
7769,-1
7770,0
7771,-1
7772,-1
7773,-1
7774,-1
7775,-1
7776,-1
7777,-1
7778,1
7779,-1
7780,-1
7781,-1
7782,-1
7783,-1
7784,-1
7785,-1
7786,-1
7787,0
7788,0
7789,0
7790,-1
7791,-1
7792,-1
7793,-1
7794,-1
7795,-1
7796,-1
7797,1
7798,1
7799,-1
7800,-1
7801,-1
7802,-1
7803,0
7804,-1
7805,1
7806,-1
7807,0
7808,1
7809,-1
7810,1
7811,-1
7812,-1
7813,1
7814,-1
7815,-1
7816,0
7817,-1
7818,-1
7819,-1
7820,-1
7821,0
7822,0
7823,1
7824,-1
7825,-1
7826,-1
7827,0
7828,-1
7829,-1
7830,-1
7831,-1
7832,-1
7833,-1
7834,-1
7835,-1
7836,1
7837,-1
7838,0
7839,-1
7840,-1
7841,-1
7842,1
7843,-1
7844,-1
7845,0
7846,-1
7847,-1
7848,-1
7849,-1
7850,-1
7851,0
7852,0
7853,0
7854,0
7855,-1
7856,-1
7857,-1
7858,-1
7859,1
7860,0
7861,1
7862,-1
7863,-1
7864,-1
7865,-1
7866,-1
7867,-1
7868,-1
7869,0
7870,-1
7871,-1
7872,-1
7873,1
7874,0
7875,0
7876,-1
7877,1
7878,0
7879,-1
7880,-1
7881,-1
7882,-1
7883,-1
7884,0
7885,-1
7886,-1
7887,-1
7888,-1
7889,-1
7890,1
7891,-1
7892,-1
7893,0
7894,0
7895,-1
7896,-1
7897,-1
7898,-1
7899,-1
7900,-1
7901,-1
7902,-1
7903,-1
7904,-1
7905,-1
7906,1
7907,-1
7908,0
7909,-1
7910,-1
7911,-1
7912,-1
7913,-1
7914,-1
7915,-1
7916,-1
7917,-1
7918,-1
7919,-1
7920,0
7921,0
7922,-1
7923,-1
7924,-1
7925,-1
7926,0
7927,-1
7928,0
7929,-1
7930,0
7931,0
7932,-1
7933,-1
7934,1
7935,-1
7936,1
7937,-1
7938,0
7939,1
7940,-1
7941,-1
7942,-1
7943,-1
7944,-1
7945,0
7946,-1
7947,0
7948,-1
7949,-1
7950,-1
7951,0
7952,1
7953,-1
7954,-1
7955,0
7956,-1
7957,-1
7958,-1
7959,-1
7960,-1
7961,-1
7962,-1
7963,-1
7964,-1
7965,-1
7966,-1
7967,0
7968,-1
7969,0
7970,-1
7971,0
7972,-1
7973,-1
7974,-1
7975,-1
7976,0
7977,-1
7978,0
7979,0
7980,0
7981,0
7982,-1
7983,0
7984,-1
7985,-1
7986,-1
7987,-1
7988,0
7989,0
7990,-1
7991,0
7992,-1
7993,0
7994,-1
7995,-1
7996,-1
7997,0
7998,-1
7999,0
8000,0
8001,-1
8002,-1
8003,1
8004,1
8005,-1
8006,-1
8007,-1
8008,1
8009,-1
8010,0
8011,1
8012,-1
8013,1
8014,0
8015,0
8016,-1
8017,0
8018,-1
8019,0
8020,-1
8021,-1
8022,-1
8023,-1
8024,0
8025,-1
8026,1
8027,-1
8028,-1
8029,0
8030,-1
8031,1
8032,-1
8033,-1
8034,-1
8035,-1
8036,-1
8037,-1
8038,-1
8039,0
8040,0
8041,1
8042,1
8043,-1
8044,-1
8045,-1
8046,-1
8047,-1
8048,1
8049,0
8050,-1
8051,1
8052,-1
8053,-1
8054,-1
8055,0
8056,0
8057,0
8058,0
8059,0
8060,-1
8061,-1
8062,0
8063,1
8064,0
8065,-1
8066,-1
8067,0
8068,-1
8069,-1
8070,-1
8071,-1
8072,1
8073,-1
8074,1
8075,-1
8076,-1
8077,0
8078,1
8079,-1
8080,-1
8081,-1
8082,-1
8083,-1
8084,-1
8085,0
8086,1
8087,-1
8088,-1
8089,-1
8090,1
8091,-1
8092,-1
8093,-1
8094,-1
8095,1
8096,-1
8097,1
8098,-1
8099,-1
8100,-1
8101,-1
8102,-1
8103,-1
8104,-1
8105,0
8106,-1
8107,1
8108,-1
8109,-1
8110,-1
8111,-1
8112,-1
8113,-1
8114,-1
8115,-1
8116,-1
8117,0
8118,1
8119,0
8120,-1
8121,-1
8122,1
8123,-1
8124,-1
8125,-1
8126,1
8127,-1
8128,-1
8129,1
8130,-1
8131,-1
8132,1
8133,-1
8134,-1
8135,0
8136,0
8137,-1
8138,-1
8139,0
8140,0
8141,-1
8142,-1
8143,1
8144,1
8145,-1
8146,-1
8147,-1
8148,0
8149,-1
8150,1
8151,0
8152,-1
8153,-1
8154,-1
8155,-1
8156,1
8157,-1
8158,-1
8159,-1
8160,-1
8161,-1
8162,-1
8163,-1
8164,-1
8165,-1
8166,-1
8167,-1
8168,-1
8169,-1
8170,0
8171,-1
8172,-1
8173,1
8174,0
8175,-1
8176,-1
8177,-1
8178,-1
8179,-1
8180,0
8181,1
8182,1
8183,-1
8184,-1
8185,-1
8186,-1
8187,-1
8188,-1
8189,-1
8190,-1
8191,-1
8192,1
8193,-1
8194,-1
8195,1
8196,-1
8197,-1
8198,-1
8199,-1
8200,-1
8201,-1
8202,-1
8203,1
8204,-1
8205,-1
8206,-1
8207,-1
8208,-1
8209,0
8210,-1
8211,1
8212,0
8213,0
8214,1
8215,-1
8216,0
8217,-1
8218,0
8219,-1
8220,-1
8221,-1
8222,1
8223,-1
8224,0
8225,-1
8226,-1
8227,-1
8228,0
8229,-1
8230,-1
8231,-1
8232,0
8233,0
8234,-1
8235,-1
8236,-1
8237,-1
8238,-1
8239,1
8240,1
8241,-1
8242,-1
8243,0
8244,-1
8245,0
8246,-1
8247,-1
8248,-1
8249,0
8250,-1
8251,0
8252,-1
8253,-1
8254,-1
8255,-1
8256,-1
8257,-1
8258,-1
8259,-1
8260,-1
8261,-1
8262,-1
8263,-1
8264,0
8265,-1
8266,-1
8267,1
8268,-1
8269,-1
8270,1
8271,0
8272,1
8273,-1
8274,-1
8275,-1
8276,-1
8277,-1
8278,-1
8279,0
8280,-1
8281,-1
8282,0
8283,0
8284,-1
8285,1
8286,0
8287,-1
8288,-1
8289,-1
8290,-1
8291,-1
8292,0
8293,0
8294,-1
8295,0
8296,-1
8297,-1
8298,-1
8299,-1
8300,-1
8301,-1
8302,-1
8303,-1
8304,1
8305,-1
8306,-1
8307,1
8308,-1
8309,-1
8310,-1
8311,-1
8312,-1
8313,-1
8314,-1
8315,-1
8316,-1
8317,-1
8318,0
8319,0
8320,1
8321,-1
8322,0
8323,-1
8324,-1
8325,-1
8326,-1
8327,-1
8328,-1
8329,0
8330,-1
8331,0
8332,0
8333,0
8334,-1
8335,-1
8336,0
8337,1
8338,-1
8339,0
8340,-1
8341,-1
8342,-1
8343,-1
8344,-1
8345,1
8346,0
8347,-1
8348,0
8349,1
8350,1
8351,-1
8352,-1
8353,-1
8354,0
8355,-1
8356,-1
8357,-1
8358,0
8359,-1
8360,-1
8361,-1
8362,-1
8363,-1
8364,-1
8365,0
8366,1
8367,-1
8368,-1
8369,0
8370,-1
8371,-1
8372,-1
8373,-1
8374,0
8375,-1
8376,0
8377,-1
8378,1
8379,0
8380,-1
8381,-1
8382,-1
8383,-1
8384,-1
8385,-1
8386,-1
8387,-1
8388,0
8389,-1
8390,1
8391,0
8392,-1
8393,-1
8394,-1
8395,0
8396,-1
8397,-1
8398,-1
8399,-1
8400,1
8401,-1
8402,1
8403,-1
8404,1
8405,-1
8406,0
8407,0
8408,-1
8409,0
8410,-1
8411,-1
8412,0
8413,-1
8414,-1
8415,-1
8416,-1
8417,0
8418,-1
8419,-1
8420,1
8421,1
8422,-1
8423,-1
8424,-1
8425,-1
8426,0
8427,-1
8428,-1
8429,-1
8430,-1
8431,-1
8432,-1
8433,-1
8434,-1
8435,0
8436,-1
8437,-1
8438,0
8439,0
8440,1
8441,1
8442,1
8443,0
8444,-1
8445,-1
8446,-1
8447,-1
8448,0
8449,-1
8450,-1
8451,-1
8452,-1
8453,-1
8454,-1
8455,0
8456,0
8457,-1
8458,-1
8459,-1
8460,0
8461,-1
8462,1
8463,-1
8464,-1
8465,-1
8466,-1
8467,1
8468,-1
8469,0
8470,-1
8471,0
8472,-1
8473,0
8474,0
8475,0
8476,-1
8477,-1
8478,-1
8479,-1
8480,1
8481,-1
8482,0
8483,1
8484,0
8485,-1
8486,-1
8487,-1
8488,-1
8489,-1
8490,-1
8491,-1
8492,1
8493,0
8494,-1
8495,1
8496,1
8497,-1
8498,-1
8499,-1
8500,1
8501,-1
8502,-1
8503,0
8504,-1
8505,-1
8506,-1
8507,0
8508,0
8509,0
8510,-1
8511,-1
8512,0
8513,-1
8514,-1
8515,0
8516,1
8517,-1
8518,1
8519,0
8520,-1
8521,0
8522,-1
8523,-1
8524,-1
8525,-1
8526,-1
8527,-1
8528,0
8529,-1
8530,-1
8531,-1
8532,1
8533,0
8534,-1
8535,0
8536,1
8537,0
8538,1
8539,-1
8540,-1
8541,-1
8542,1
8543,-1
8544,0
8545,-1
8546,-1
8547,-1
8548,0
8549,-1
8550,-1
8551,1
8552,1
8553,-1
8554,0
8555,1
8556,-1
8557,0
8558,-1
8559,1
8560,0
8561,-1
8562,-1
8563,-1
8564,-1
8565,-1
8566,-1
8567,-1
8568,1
8569,-1
8570,1
8571,-1
8572,-1
8573,0
8574,-1
8575,-1
8576,-1
8577,0
8578,-1
8579,1
8580,-1
8581,0
8582,-1
8583,-1
8584,-1
8585,1
8586,-1
8587,-1
8588,0
8589,0
8590,-1
8591,-1
8592,-1
8593,-1
8594,-1
8595,-1
8596,0
8597,-1
8598,-1
8599,0
8600,-1
8601,-1
8602,-1
8603,-1
8604,-1
8605,-1
8606,-1
8607,-1
8608,-1
8609,1
8610,-1
8611,1
8612,-1
8613,1
8614,-1
8615,-1
8616,-1
8617,-1
8618,-1
8619,-1
8620,-1
8621,-1
8622,-1
8623,-1
8624,-1
8625,1
8626,-1
8627,-1
8628,-1
8629,0
8630,-1
8631,0
8632,0
8633,0
8634,0
8635,-1
8636,1
8637,-1
8638,0
8639,0
8640,-1
8641,-1
8642,-1
8643,-1
8644,1
8645,0
8646,-1
8647,-1
8648,-1
8649,0
8650,-1
8651,-1
8652,0
8653,-1
8654,0
8655,1
8656,-1
8657,-1
8658,-1
8659,0
8660,-1
8661,0
8662,-1
8663,-1
8664,-1
8665,-1
8666,-1
8667,1
8668,-1
8669,1
8670,-1
8671,0
8672,-1
8673,0
8674,-1
8675,-1
8676,-1
8677,-1
8678,1
8679,-1
8680,1
8681,-1
8682,-1
8683,-1
8684,-1
8685,-1
8686,-1
8687,1
8688,-1
8689,0
8690,1
8691,-1
8692,0
8693,-1
8694,-1
8695,-1
8696,0
8697,-1
8698,0
8699,0
8700,1
8701,-1
8702,1
8703,1
8704,-1
8705,0
8706,-1
8707,0
8708,-1
8709,-1
8710,0
8711,-1
8712,-1
8713,0
8714,-1
8715,1
8716,-1
8717,-1
8718,-1
8719,-1
8720,-1
8721,-1
8722,-1
8723,-1
8724,-1
8725,1
8726,-1
8727,-1
8728,-1
8729,-1
8730,-1
8731,-1
8732,-1
8733,1
8734,-1
8735,-1
8736,1
8737,0
8738,-1
8739,1
8740,-1
8741,-1
8742,-1
8743,-1
8744,0
8745,-1
8746,-1
8747,1
8748,-1
8749,-1
8750,-1
8751,-1
8752,-1
8753,0
8754,-1
8755,-1
8756,-1
8757,0
8758,0
8759,-1
8760,-1
8761,-1
8762,-1
8763,1
8764,-1
8765,1
8766,-1
8767,0
8768,0
8769,-1
8770,1
8771,-1
8772,-1
8773,-1
8774,0
8775,-1
8776,-1
8777,-1
8778,-1
8779,-1
8780,-1
8781,-1
8782,-1
8783,-1
8784,-1
8785,-1
8786,1
8787,-1
8788,-1
8789,-1
8790,0
8791,-1
8792,1
8793,-1
8794,-1
8795,0
8796,-1
8797,-1
8798,-1
8799,0
8800,-1
8801,0
8802,-1
8803,-1
8804,-1
8805,-1
8806,1
8807,0
8808,0
8809,-1
8810,1
8811,-1
8812,0
8813,-1
8814,0
8815,-1
8816,0
8817,0
8818,-1
8819,0
8820,1
8821,-1
8822,-1
8823,-1
8824,-1
8825,-1
8826,0
8827,-1
8828,0
8829,0
8830,-1
8831,-1
8832,-1
8833,-1
8834,-1
8835,-1
8836,-1
8837,-1
8838,-1
8839,-1
8840,-1
8841,-1
8842,-1
8843,-1
8844,-1
8845,-1
8846,-1
8847,-1
8848,-1
8849,-1
8850,-1
8851,-1
8852,0
8853,1
8854,0
8855,0
8856,1
8857,1
8858,-1
8859,-1
8860,0
8861,0
8862,-1
8863,-1
8864,1
8865,-1
8866,-1
8867,0
8868,-1
8869,0
8870,-1
8871,-1
8872,-1
8873,-1
8874,0
8875,1
8876,1
8877,0
8878,-1
8879,-1
8880,-1
8881,-1
8882,1
8883,0
8884,-1
8885,0
8886,-1
8887,-1
8888,1
8889,-1
8890,-1
8891,0
8892,0
8893,-1
8894,0
8895,-1
8896,-1
8897,1
8898,-1
8899,1
8900,-1
8901,-1
8902,-1
8903,-1
8904,-1
8905,1
8906,-1
8907,-1
8908,-1
8909,0
8910,1
8911,-1
8912,-1
8913,-1
8914,-1
8915,-1
8916,-1
8917,-1
8918,-1
8919,0
8920,-1
8921,1
8922,-1
8923,-1
8924,0
8925,1
8926,-1
8927,-1
8928,-1
8929,-1
8930,-1
8931,-1
8932,1
8933,0
8934,-1
8935,0
8936,-1
8937,0
8938,-1
8939,-1
8940,-1
8941,0
8942,1
8943,1
8944,-1
8945,-1
8946,-1
8947,0
8948,-1
8949,1
8950,-1
8951,0
8952,-1
8953,-1
8954,-1
8955,-1
8956,0
8957,-1
8958,0
8959,-1
8960,0
8961,-1
8962,0
8963,-1
8964,1
8965,1
8966,-1
8967,-1
8968,1
8969,-1
8970,-1
8971,1
8972,0
8973,-1
8974,0
8975,-1
8976,-1
8977,-1
8978,-1
8979,1
8980,-1
8981,0
8982,-1
8983,0
8984,-1
8985,-1
8986,-1
8987,-1
8988,-1
8989,-1
8990,-1
8991,-1
8992,0
8993,-1
8994,0
8995,0
8996,1
8997,0
8998,-1
8999,-1
9000,-1
9001,1
9002,-1
9003,0
9004,1
9005,0
9006,-1
9007,-1
9008,-1
9009,1
9010,-1
9011,1
9012,-1
9013,-1
9014,-1
9015,-1
9016,-1
9017,0
9018,-1
9019,-1
9020,-1
9021,0
9022,-1
9023,-1
9024,-1
9025,-1
9026,1
9027,-1
9028,1
9029,0
9030,-1
9031,-1
9032,-1
9033,0
9034,-1
9035,0
9036,-1
9037,-1
9038,1
9039,-1
9040,-1
9041,0
9042,-1
9043,1
9044,1
9045,-1
9046,-1
9047,-1
9048,-1
9049,-1
9050,-1
9051,-1
9052,-1
9053,0
9054,-1
9055,-1
9056,-1
9057,0
9058,0
9059,-1
9060,-1
9061,-1
9062,1
9063,0
9064,-1
9065,-1
9066,-1
9067,-1
9068,1
9069,-1
9070,-1
9071,1
9072,0
9073,1
9074,0
9075,-1
9076,1
9077,-1
9078,0
9079,-1
9080,-1
9081,-1
9082,-1
9083,0
9084,0
9085,0
9086,-1
9087,-1
9088,-1
9089,-1
9090,-1
9091,-1
9092,-1
9093,-1
9094,1
9095,-1
9096,1
9097,-1
9098,1
9099,-1
9100,-1
9101,-1
9102,-1
9103,-1
9104,-1
9105,-1
9106,-1
9107,-1
9108,1
9109,-1
9110,-1
9111,-1
9112,-1
9113,1
9114,-1
9115,1
9116,1
9117,-1
9118,-1
9119,-1
9120,-1
9121,1
9122,0
9123,-1
9124,0
9125,-1
9126,1
9127,-1
9128,-1
9129,-1
9130,-1
9131,-1
9132,0
9133,-1
9134,-1
9135,-1
9136,-1
9137,0
9138,0
9139,1
9140,-1
9141,-1
9142,1
9143,0
9144,-1
9145,-1
9146,-1
9147,-1
9148,0
9149,0
9150,-1
9151,-1
9152,-1
9153,0
9154,-1
9155,0
9156,0
9157,1
9158,-1
9159,-1
9160,0
9161,-1
9162,-1
9163,-1
9164,-1
9165,-1
9166,-1
9167,-1
9168,-1
9169,1
9170,-1
9171,-1
9172,-1
9173,-1
9174,0
9175,-1
9176,-1
9177,-1
9178,-1
9179,-1
9180,0
9181,1
9182,-1
9183,-1
9184,-1
9185,-1
9186,1
9187,1
9188,0
9189,-1
9190,-1
9191,-1
9192,0
9193,-1
9194,-1
9195,0
9196,-1
9197,-1
9198,0
9199,-1
9200,-1
9201,0
9202,-1
9203,-1
9204,-1
9205,-1
9206,-1
9207,-1
9208,0
9209,1
9210,0
9211,1
9212,-1
9213,-1
9214,0
9215,-1
9216,-1
9217,1
9218,-1
9219,-1
9220,-1
9221,-1
9222,1
9223,0
9224,1
9225,-1
9226,1
9227,0
9228,-1
9229,-1
9230,-1
9231,-1
9232,-1
9233,-1
9234,-1
9235,-1
9236,-1
9237,0
9238,-1
9239,-1
9240,0
9241,-1
9242,-1
9243,0
9244,1
9245,-1
9246,0
9247,-1
9248,-1
9249,1
9250,1
9251,-1
9252,-1
9253,0
9254,-1
9255,-1
9256,-1
9257,-1
9258,-1
9259,-1
9260,-1
9261,0
9262,-1
9263,-1
9264,0
9265,1
9266,-1
9267,-1
9268,-1
9269,0
9270,-1
9271,1
9272,-1
9273,0
9274,-1
9275,-1
9276,0
9277,-1
9278,-1
9279,-1
9280,-1
9281,1
9282,-1
9283,0
9284,0
9285,1
9286,1
9287,1
9288,1
9289,-1
9290,1
9291,0
9292,0
9293,0
9294,1
9295,0
9296,-1
9297,-1
9298,0
9299,0
9300,0
9301,1
9302,-1
9303,-1
9304,0
9305,-1
9306,-1
9307,-1
9308,-1
9309,-1
9310,-1
9311,-1
9312,-1
9313,-1
9314,-1
9315,-1
9316,-1
9317,-1
9318,-1
9319,-1
9320,-1
9321,-1
9322,-1
9323,-1
9324,0
9325,0
9326,-1
9327,-1
9328,-1
9329,-1
9330,0
9331,-1
9332,0
9333,-1
9334,1
9335,-1
9336,-1
9337,-1
9338,0
9339,-1
9340,1
9341,-1
9342,-1
9343,-1
9344,-1
9345,-1
9346,1
9347,-1
9348,-1
9349,-1
9350,-1
9351,-1
9352,-1
9353,-1
9354,1
9355,0
9356,0
9357,-1
9358,1
9359,1
9360,1
9361,1
9362,-1
9363,-1
9364,-1
9365,-1
9366,-1
9367,1
9368,-1
9369,1
9370,1
9371,1
9372,-1
9373,-1
9374,-1
9375,-1
9376,-1
9377,-1
9378,-1
9379,-1
9380,1
9381,0
9382,-1
9383,1
9384,-1
9385,-1
9386,-1
9387,0
9388,-1
9389,-1
9390,0
9391,1
9392,1
9393,0
9394,0
9395,-1
9396,-1
9397,1
9398,-1
9399,-1
9400,-1
9401,-1
9402,1
9403,0
9404,-1
9405,-1
9406,-1
9407,-1
9408,1
9409,-1
9410,-1
9411,-1
9412,0
9413,-1
9414,-1
9415,-1
9416,-1
9417,-1
9418,1
9419,-1
9420,-1
9421,0
9422,-1
9423,-1
9424,-1
9425,-1
9426,-1
9427,-1
9428,1
9429,-1
9430,-1
9431,0
9432,0
9433,-1
9434,0
9435,0
9436,-1
9437,-1
9438,-1
9439,1
9440,-1
9441,0
9442,-1
9443,-1
9444,1
9445,-1
9446,1
9447,-1
9448,-1
9449,-1
9450,-1
9451,1
9452,-1
9453,-1
9454,-1
9455,1
9456,-1
9457,0
9458,-1
9459,-1
9460,0
9461,-1
9462,-1
9463,-1
9464,-1
9465,-1
9466,1
9467,-1
9468,-1
9469,1
9470,-1
9471,0
9472,-1
9473,-1
9474,-1
9475,1
9476,-1
9477,-1
9478,0
9479,-1
9480,-1
9481,-1
9482,-1
9483,-1
9484,1
9485,0
9486,-1
9487,1
9488,-1
9489,0
9490,0
9491,1
9492,1
9493,0
9494,-1
9495,1
9496,1
9497,0
9498,1
9499,-1
9500,-1
9501,-1
9502,0
9503,-1
9504,-1
9505,-1
9506,0
9507,-1
9508,0
9509,-1
9510,-1
9511,-1
9512,0
9513,-1
9514,-1
9515,0
9516,0
9517,0
9518,-1
9519,-1
9520,-1
9521,-1
9522,-1
9523,0
9524,-1
9525,-1
9526,1
9527,-1
9528,-1
9529,1
9530,-1
9531,0
9532,-1
9533,-1
9534,-1
9535,-1
9536,-1
9537,0
9538,-1
9539,0
9540,-1
9541,-1
9542,-1
9543,-1
9544,1
9545,-1
9546,0
9547,0
9548,-1
9549,1
9550,-1
9551,-1
9552,0
9553,0
9554,-1
9555,-1
9556,0
9557,0
9558,-1
9559,1
9560,-1
9561,0
9562,-1
9563,-1
9564,-1
9565,0
9566,-1
9567,-1
9568,-1
9569,0
9570,-1
9571,1
9572,-1
9573,1
9574,-1
9575,-1
9576,0
9577,-1
9578,-1
9579,0
9580,-1
9581,-1
9582,0
9583,-1
9584,-1
9585,-1
9586,-1
9587,-1
9588,-1
9589,-1
9590,-1
9591,1
9592,1
9593,-1
9594,0
9595,-1
9596,-1
9597,-1
9598,1
9599,-1
9600,0
9601,1
9602,-1
9603,-1
9604,-1
9605,0
9606,-1
9607,-1
9608,1
9609,-1
9610,-1
9611,-1
9612,-1
9613,-1
9614,-1
9615,-1
9616,-1
9617,-1
9618,-1
9619,-1
9620,-1
9621,-1
9622,-1
9623,-1
9624,1
9625,1
9626,-1
9627,-1
9628,1
9629,-1
9630,1
9631,-1
9632,-1
9633,-1
9634,-1
9635,-1
9636,-1
9637,-1
9638,1
9639,-1
9640,1
9641,-1
9642,-1
9643,-1
9644,-1
9645,1
9646,0
9647,-1
9648,-1
9649,0
9650,-1
9651,-1
9652,-1
9653,-1
9654,-1
9655,-1
9656,-1
9657,-1
9658,-1
9659,0
9660,-1
9661,-1
9662,-1
9663,0
9664,0
9665,0
9666,-1
9667,-1
9668,-1
9669,-1
9670,-1
9671,0
9672,-1
9673,-1
9674,-1
9675,1
9676,-1
9677,-1
9678,-1
9679,-1
9680,0
9681,0
9682,-1
9683,1
9684,-1
9685,-1
9686,0
9687,-1
9688,1
9689,-1
9690,-1
9691,0
9692,1
9693,-1
9694,-1
9695,-1
9696,-1
9697,1
9698,-1
9699,1
9700,1
9701,-1
9702,-1
9703,-1
9704,0
9705,-1
9706,-1
9707,-1
9708,-1
9709,1
9710,-1
9711,1
9712,-1
9713,-1
9714,-1
9715,0
9716,-1
9717,0
9718,1
9719,0
9720,-1
9721,-1
9722,-1
9723,-1
9724,-1
9725,-1
9726,-1
9727,-1
9728,-1
9729,-1
9730,1
9731,0
9732,-1
9733,-1
9734,1
9735,0
9736,-1
9737,-1
9738,-1
9739,-1
9740,0
9741,-1
9742,0
9743,-1
9744,-1
9745,-1
9746,1
9747,0
9748,-1
9749,-1
9750,1
9751,-1
9752,0
9753,0
9754,-1
9755,-1
9756,-1
9757,-1
9758,-1
9759,-1
9760,-1
9761,-1
9762,0
9763,-1
9764,0
9765,-1
9766,1
9767,-1
9768,1
9769,-1
9770,-1
9771,-1
9772,-1
9773,-1
9774,0
9775,0
9776,-1
9777,-1
9778,-1
9779,-1
9780,-1
9781,-1
9782,-1
9783,-1
9784,-1
9785,0
9786,-1
9787,-1
9788,0
9789,-1
9790,0
9791,-1
9792,-1
9793,0
9794,-1
9795,1
9796,-1
9797,-1
9798,-1
9799,0
9800,-1
9801,-1
9802,-1
9803,1
9804,-1
9805,-1
9806,-1
9807,-1
9808,-1
9809,-1
9810,-1
9811,-1
9812,-1
9813,-1
9814,-1
9815,0
9816,0
9817,-1
9818,0
9819,-1
9820,-1
9821,-1
9822,-1
9823,0
9824,-1
9825,0
9826,-1
9827,-1
9828,-1
9829,-1
9830,-1
9831,-1
9832,-1
9833,1
9834,-1
9835,-1
9836,0
9837,0
9838,1
9839,-1
9840,-1
9841,-1
9842,-1
9843,-1
9844,-1
9845,0
9846,1
9847,-1
9848,0
9849,-1
9850,0
9851,-1
9852,-1
9853,-1
9854,-1
9855,0
9856,-1
9857,0
9858,-1
9859,1
9860,1
9861,1
9862,-1
9863,0
9864,-1
9865,-1
9866,0
9867,-1
9868,0
9869,-1
9870,-1
9871,0
9872,-1
9873,-1
9874,-1
9875,-1
9876,-1
9877,0
9878,0
9879,-1
9880,0
9881,1
9882,1
9883,-1
9884,-1
9885,-1
9886,-1
9887,-1
9888,-1
9889,0
9890,-1
9891,-1
9892,1
9893,1
9894,0
9895,0
9896,-1
9897,0
9898,-1
9899,1
9900,-1
9901,-1
9902,1
9903,-1
9904,-1
9905,-1
9906,-1
9907,-1
9908,-1
9909,-1
9910,-1
9911,-1
9912,-1
9913,1
9914,-1
9915,1
9916,-1
9917,-1
9918,0
9919,0
9920,-1
9921,-1
9922,-1
9923,-1
9924,0
9925,0
9926,-1
9927,-1
9928,0
9929,-1
9930,-1
9931,-1
9932,-1
9933,-1
9934,-1
9935,-1
9936,1
9937,1
9938,-1
9939,1
9940,1
9941,-1
9942,0
9943,-1
9944,0
9945,0
9946,-1
9947,-1
9948,-1
9949,-1
9950,-1
9951,-1
9952,-1
9953,-1
9954,-1
9955,1
9956,0
9957,-1
9958,-1
9959,-1
9960,0
9961,-1
9962,-1
9963,-1
9964,-1
9965,1
9966,-1
9967,-1
9968,1
9969,-1
9970,-1
9971,-1
9972,-1
9973,-1
9974,0
9975,-1
9976,-1
9977,-1
9978,-1
9979,1
9980,-1
9981,0
9982,0
9983,-1
9984,-1
9985,0
9986,-1
9987,-1
9988,0
9989,0
9990,-1
9991,-1
9992,-1
9993,-1
9994,-1
9995,-1
9996,-1
9997,1
9998,-1
9999,0
10000,-1
10001,0
10002,-1
10003,1
10004,-1
10005,1
10006,1
10007,-1
10008,-1
10009,-1
10010,1
10011,-1
10012,0
10013,-1
10014,-1
10015,-1
10016,-1
10017,-1
10018,-1
10019,0
10020,-1
10021,1
10022,-1
10023,1
10024,1
10025,1
10026,-1
10027,-1
10028,-1
10029,-1
10030,-1
10031,-1
10032,-1
10033,-1
10034,1
10035,-1
10036,0
10037,-1
10038,0
10039,1
10040,1
10041,-1
10042,-1
10043,0
10044,-1
10045,-1
10046,-1
10047,0
10048,-1
10049,0
10050,0
10051,0
10052,-1
10053,-1
10054,-1
10055,-1
10056,0
10057,0
10058,-1
10059,-1
10060,-1
10061,-1
10062,-1
10063,-1
10064,0
10065,-1
10066,0
10067,0
10068,-1
10069,-1
10070,-1
10071,-1
10072,-1
10073,0
10074,-1
10075,-1
10076,-1
10077,0
10078,-1
10079,0
10080,-1
10081,0
10082,-1
10083,0
10084,-1
10085,-1
10086,0
10087,-1
10088,-1
10089,0
10090,-1
10091,-1
10092,-1
10093,-1
10094,-1
10095,-1
10096,-1
10097,0
10098,1
10099,-1
10100,-1
10101,-1
10102,-1
10103,-1
10104,-1
10105,-1
10106,-1
10107,0
10108,-1
10109,1
10110,-1
10111,-1
10112,-1
10113,0
10114,-1
10115,-1
10116,1
10117,-1
10118,-1
10119,-1
10120,0
10121,-1
10122,-1
10123,0
10124,0
10125,1
10126,-1
10127,-1
10128,-1
10129,-1
10130,-1
10131,0
10132,-1
10133,-1
10134,-1
10135,-1
10136,0
10137,0
10138,1
10139,1
10140,-1
10141,-1
10142,-1
10143,-1
10144,-1
10145,-1
10146,-1
10147,-1
10148,-1
10149,-1
10150,-1
10151,0
10152,-1
10153,0
10154,-1
10155,-1
10156,0
10157,-1
10158,0
10159,-1
10160,-1
10161,-1
10162,0
10163,-1
10164,-1
10165,0
10166,-1
10167,0
10168,-1
10169,1
10170,1
10171,0
10172,-1
10173,-1
10174,-1
10175,0
10176,-1
10177,-1
10178,0
10179,1
10180,-1
10181,-1
10182,1
10183,-1
10184,1
10185,-1
10186,-1
10187,-1
10188,1
10189,-1
10190,-1
10191,-1
10192,-1
10193,-1
10194,-1
10195,0
10196,-1
10197,-1
10198,-1
10199,-1
10200,-1
10201,-1
10202,-1
10203,-1
10204,-1
10205,0
10206,-1
10207,0
10208,0
10209,-1
10210,-1
10211,-1
10212,0
10213,-1
10214,0
10215,-1
10216,-1
10217,1
10218,-1
10219,0
10220,-1
10221,-1
10222,1
10223,-1
10224,-1
10225,1
10226,-1
10227,-1
10228,0
10229,0
10230,-1
10231,0
10232,-1
10233,0
10234,1
10235,1
10236,-1
10237,1
10238,0
10239,-1
10240,-1
10241,0
10242,0
10243,-1
10244,1
10245,-1
10246,-1
10247,-1
10248,-1
10249,-1
10250,-1
10251,-1
10252,-1
10253,-1
10254,0
10255,1
10256,-1
10257,-1
10258,-1
10259,-1
10260,1
10261,-1
10262,0
10263,-1
10264,0
10265,0
10266,-1
10267,-1
10268,0
10269,1
10270,0
10271,-1
10272,-1
10273,0
10274,-1
10275,-1
10276,-1
10277,-1
10278,0
10279,-1
10280,-1
10281,-1
10282,-1
10283,-1
10284,-1
10285,0
10286,0
10287,0
10288,1
10289,1
10290,-1
10291,0
10292,1
10293,1
10294,-1
10295,-1
10296,-1
10297,-1
10298,-1
10299,-1
10300,-1
10301,-1
10302,-1
10303,-1
10304,-1
10305,-1
10306,-1
10307,0
10308,-1
10309,-1
10310,-1
10311,-1
10312,-1
10313,-1
10314,-1
10315,1
10316,1
10317,-1
10318,1
10319,0
10320,-1
10321,-1
10322,-1
10323,-1
10324,0
10325,-1
10326,0
10327,-1
10328,-1
10329,-1
10330,-1
10331,-1
10332,-1
10333,-1
10334,-1
10335,0
10336,-1
10337,-1
10338,-1
10339,-1
10340,-1
10341,-1
10342,-1
10343,-1
10344,0
10345,-1
10346,-1
10347,-1
10348,-1
10349,1
10350,0
10351,0
10352,-1
10353,0
10354,-1
10355,1
10356,-1
10357,-1
10358,0
10359,0
10360,-1
10361,1
10362,1
10363,-1
10364,-1
10365,0
10366,1
10367,-1
10368,-1
10369,-1
10370,0
10371,-1
10372,1
10373,1
10374,-1
10375,-1
10376,1
10377,0
10378,-1
10379,-1
10380,-1
10381,-1
10382,-1
10383,-1
10384,0
10385,-1
10386,-1
10387,0
10388,0
10389,0
10390,-1
10391,0
10392,0
10393,0
10394,-1
10395,-1
10396,1
10397,-1
10398,-1
10399,0
10400,0
10401,-1
10402,-1
10403,0
10404,-1
10405,-1
10406,0
10407,-1
10408,0
10409,-1
10410,-1
10411,-1
10412,-1
10413,-1
10414,-1
10415,-1
10416,0
10417,-1
10418,-1
10419,-1
10420,-1
10421,-1
10422,-1
10423,0
10424,-1
10425,1
10426,-1
10427,-1
10428,-1
10429,-1
10430,-1
10431,0
10432,-1
10433,-1
10434,0
10435,0
10436,0
10437,-1
10438,-1
10439,-1
10440,-1
10441,0
10442,-1
10443,0
10444,-1
10445,1
10446,-1
10447,1
10448,-1
10449,1
10450,-1
10451,-1
10452,-1
10453,-1
10454,0
10455,1
10456,-1
10457,-1
10458,-1
10459,0
10460,-1
10461,-1
10462,-1
10463,-1
10464,-1
10465,-1
10466,-1
10467,-1
10468,-1
10469,0
10470,0
10471,1
10472,-1
10473,-1
10474,-1
10475,-1
10476,-1
10477,-1
10478,-1
10479,-1
10480,1
10481,0
10482,0
10483,1
10484,1
10485,-1
10486,-1
10487,-1
10488,0
10489,0
10490,-1
10491,0
10492,1
10493,-1
10494,-1
10495,-1
10496,-1
10497,-1
10498,-1
10499,-1
10500,-1
10501,0
10502,-1
10503,-1
10504,0
10505,-1
10506,0
10507,-1
10508,-1
10509,-1
10510,-1
10511,-1
10512,0
10513,-1
10514,0
10515,-1
10516,-1
10517,-1
10518,1
10519,-1
10520,-1
10521,0
10522,-1
10523,-1
10524,-1
10525,-1
10526,0
10527,0
10528,-1
10529,-1
10530,-1
10531,1
10532,1
10533,-1
10534,1
10535,0
10536,0
10537,0
10538,1
10539,-1
10540,1
10541,-1
10542,-1
10543,-1
10544,1
10545,-1
10546,-1
10547,-1
10548,-1
10549,-1
10550,-1
10551,-1
10552,-1
10553,-1
10554,-1
10555,-1
10556,-1
10557,-1
10558,0
10559,-1
10560,-1
10561,-1
10562,-1
10563,-1
10564,-1
10565,-1
10566,0
10567,0
10568,-1
10569,-1
10570,1
10571,-1
10572,1
10573,-1
10574,1
10575,-1
10576,-1
10577,0
10578,-1
10579,-1
10580,1
10581,-1
10582,1
10583,1
10584,0
10585,-1
10586,0
10587,-1
10588,1
10589,-1
10590,-1
10591,-1
10592,-1
10593,0
10594,-1
10595,0
10596,-1
10597,-1
10598,1
10599,0
10600,-1
10601,0
10602,-1
10603,-1
10604,-1
10605,-1
10606,-1
10607,1
10608,0
10609,-1
10610,-1
10611,1
10612,-1
10613,0
10614,-1
10615,0
10616,0
10617,-1
10618,0
10619,-1
10620,-1
10621,-1
10622,1
10623,0
10624,-1
10625,-1
10626,0
10627,0
10628,-1
10629,-1
10630,0
10631,-1
10632,-1
10633,0
10634,-1
10635,1
10636,-1
10637,-1
10638,-1
10639,0
10640,0
10641,-1
10642,-1
10643,-1
10644,-1
10645,-1
10646,-1
10647,-1
10648,0
10649,0
10650,-1
10651,-1
10652,-1
10653,1
10654,1
10655,-1
10656,1
10657,0
10658,-1
10659,0
10660,-1
10661,-1
10662,-1
10663,1
10664,1
10665,-1
10666,0
10667,-1
10668,-1
10669,-1
10670,0
10671,1
10672,-1
10673,-1
10674,1
10675,-1
10676,-1
10677,0
10678,0
10679,0
10680,0
10681,0
10682,0
10683,0
10684,-1
10685,0
10686,-1
10687,-1
10688,-1
10689,-1
10690,0
10691,1
10692,0
10693,-1
10694,-1
10695,1
10696,-1
10697,0
10698,-1
10699,1
10700,1
10701,1
10702,-1
10703,0
10704,0
10705,0
10706,-1
10707,1
10708,-1
10709,-1
10710,0
10711,-1
10712,1
10713,-1
10714,0
10715,-1
10716,-1
10717,0
10718,-1
10719,-1
10720,0
10721,-1
10722,-1
10723,0
10724,-1
10725,-1
10726,-1
10727,-1
10728,0
10729,-1
10730,0
10731,0
10732,-1
10733,-1
10734,0
10735,-1
10736,0
10737,0
10738,-1
10739,-1
10740,-1
10741,-1
10742,-1
10743,-1
10744,1
10745,-1
10746,0
10747,0
10748,0
10749,1
10750,-1
10751,-1
10752,-1
10753,-1
10754,0
10755,-1
10756,-1
10757,-1
10758,1
10759,1
10760,-1
10761,-1
10762,-1
10763,-1
10764,1
10765,-1
10766,-1
10767,-1
10768,-1
10769,-1
10770,-1
10771,-1
10772,-1
10773,-1
10774,-1
10775,-1
10776,-1
10777,-1
10778,0
10779,-1
10780,-1
10781,1
10782,0
10783,-1
10784,0
10785,-1
10786,0
10787,-1
10788,-1
10789,-1
10790,0
10791,-1
10792,-1
10793,-1
10794,0
10795,-1
10796,0
10797,-1
10798,-1
10799,1
10800,-1
10801,-1
10802,0
10803,-1
10804,-1
10805,-1
10806,-1
10807,1
10808,0
10809,-1
10810,-1
10811,-1
10812,-1
10813,-1
10814,-1
10815,1
10816,-1
10817,-1
10818,1
10819,-1
10820,1
10821,0
10822,0
10823,0
10824,1
10825,1
10826,0
10827,-1
10828,-1
10829,-1
10830,0
10831,1
10832,0
10833,-1
10834,0
10835,-1
10836,-1
10837,-1
10838,0
10839,-1
10840,-1
10841,-1
10842,-1
10843,-1
10844,-1
10845,-1
10846,-1
10847,-1
10848,-1
10849,0
10850,1
10851,-1
10852,0
10853,-1
10854,1
10855,-1
10856,-1
10857,1
10858,-1
10859,1
10860,0
10861,0
10862,0
10863,-1
10864,-1
10865,1
10866,0
10867,-1
10868,-1
10869,-1
10870,-1
10871,-1
10872,-1
10873,0
10874,-1
10875,1
10876,-1
10877,1
10878,-1
10879,-1
10880,-1
10881,0
10882,-1
10883,-1
10884,-1
10885,0
10886,0
10887,-1
10888,-1
10889,-1
10890,-1
10891,-1
10892,-1
10893,-1
10894,0
10895,-1
10896,0
10897,-1
10898,-1
10899,1
10900,-1
10901,0
10902,-1
10903,-1
10904,0
10905,-1
10906,0
10907,-1
10908,-1
10909,-1
10910,-1
10911,0
10912,-1
10913,-1
10914,-1
10915,1
10916,0
10917,-1
10918,-1
10919,-1
10920,-1
10921,-1
10922,-1
10923,-1
10924,-1
10925,-1
10926,-1
10927,-1
10928,0
10929,0
10930,-1
10931,-1
10932,0
10933,-1
10934,0
10935,-1
10936,-1
10937,-1
10938,-1
10939,0
10940,1
10941,-1
10942,-1
10943,-1
10944,-1
10945,-1
10946,-1
10947,-1
10948,1
10949,1
10950,-1
10951,-1
10952,-1
10953,1
10954,-1
10955,1
10956,-1
10957,-1
10958,-1
10959,1
10960,1
10961,-1
10962,-1
10963,-1
10964,0
10965,-1
10966,-1
10967,0
10968,-1
10969,-1
10970,-1
10971,0
10972,0
10973,-1
10974,0
10975,-1
10976,1
10977,-1
10978,-1
10979,-1
10980,1
10981,0
10982,-1
10983,1
10984,1
10985,-1
10986,-1
10987,-1
10988,-1
10989,-1
10990,-1
10991,-1
10992,-1
10993,0
10994,1
10995,-1
10996,-1
10997,-1
10998,-1
10999,0
11000,-1
11001,-1
11002,-1
11003,-1
11004,-1
11005,-1
11006,1
11007,0
11008,-1
11009,-1
11010,1
11011,1
11012,-1
11013,1
11014,-1
11015,0
11016,-1
11017,-1
11018,-1
11019,-1
11020,-1
11021,0
11022,-1
11023,0
11024,-1
11025,-1
11026,-1
11027,-1
11028,1
11029,0
11030,-1
11031,-1
11032,0
11033,-1
11034,-1
11035,-1
11036,-1
11037,1
11038,-1
11039,-1
11040,-1
11041,1
11042,-1
11043,-1
11044,-1
11045,-1
11046,0
11047,-1
11048,0
11049,0
11050,-1
11051,-1
11052,-1
11053,-1
11054,1
11055,1
11056,-1
11057,-1
11058,-1
11059,0
11060,-1
11061,-1
11062,-1
11063,-1
11064,-1
11065,-1
11066,1
11067,-1
11068,0
11069,0
11070,-1
11071,0
11072,-1
11073,-1
11074,1
11075,-1
11076,0
11077,-1
11078,1
11079,-1
11080,-1
11081,-1
11082,-1
11083,-1
11084,-1
11085,0
11086,-1
11087,1
11088,-1
11089,-1
11090,0
11091,1
11092,-1
11093,-1
11094,1
11095,-1
11096,-1
11097,1
11098,-1
11099,-1
11100,-1
11101,-1
11102,-1
11103,-1
11104,-1
11105,-1
11106,-1
11107,-1
11108,0
11109,-1
11110,-1
11111,0
11112,0
11113,-1
11114,0
11115,-1
11116,-1
11117,-1
11118,0
11119,-1
11120,-1
11121,-1
11122,-1
11123,-1
11124,1
11125,-1
11126,-1
11127,-1
11128,1
11129,1
11130,-1
11131,0
11132,-1
11133,-1
11134,-1
11135,-1
11136,-1
11137,-1
11138,1
11139,-1
11140,-1
11141,-1
11142,-1
11143,-1
11144,0
11145,-1
11146,1
11147,0
11148,0
11149,-1
11150,-1
11151,-1
11152,-1
11153,-1
11154,1
11155,1
11156,-1
11157,0
11158,-1
11159,0
11160,-1
11161,-1
11162,1
11163,0
11164,-1
11165,-1
11166,-1
11167,-1
11168,-1
11169,-1
11170,-1
11171,-1
11172,-1
11173,-1
11174,0
11175,0
11176,-1
11177,-1
11178,-1
11179,-1
11180,-1
11181,1
11182,-1
11183,-1
11184,0
11185,-1
11186,-1
11187,0
11188,-1
11189,1
11190,-1
11191,1
11192,-1
11193,0
11194,-1
11195,-1
11196,-1
11197,0
11198,-1
11199,-1
11200,0
11201,-1
11202,-1
11203,-1
11204,0
11205,-1
11206,0
11207,0
11208,0
11209,-1
11210,-1
11211,-1
11212,1
11213,1
11214,-1
11215,0
11216,-1
11217,-1
11218,1
11219,-1
11220,0
11221,-1
11222,-1
11223,-1
11224,-1
11225,-1
11226,0
11227,-1
11228,-1
11229,-1
11230,-1
11231,-1
11232,-1
11233,-1
11234,0
11235,-1
11236,-1
11237,0
11238,-1
11239,-1
11240,0
11241,-1
11242,-1
11243,-1
11244,-1
11245,-1
11246,0
11247,0
11248,-1
11249,0
11250,-1
11251,-1
11252,-1
11253,-1
11254,-1
11255,-1
11256,-1
11257,-1
11258,-1
11259,-1
11260,-1
11261,-1
11262,-1
11263,1
11264,-1
11265,-1
11266,-1
11267,-1
11268,-1
11269,-1
11270,-1
11271,-1
11272,-1
11273,-1
11274,-1
11275,0
11276,-1
11277,-1
11278,0
11279,-1
11280,1
11281,0
11282,-1
11283,-1
11284,0
11285,1
11286,1
11287,-1
11288,-1
11289,1
11290,-1
11291,-1
11292,0
11293,0
11294,-1
11295,-1
11296,-1
11297,1
11298,-1
11299,-1
11300,-1
11301,-1
11302,-1
11303,0
11304,-1
11305,-1
11306,-1
11307,-1
11308,1
11309,-1
11310,-1
11311,-1
11312,-1
11313,0
11314,-1
11315,-1
11316,-1
11317,-1
11318,-1
11319,-1
11320,0
11321,-1
11322,-1
11323,-1
11324,-1
11325,-1
11326,-1
11327,-1
11328,-1
11329,-1
11330,0
11331,-1
11332,0
11333,-1
11334,-1
11335,-1
11336,-1
11337,-1
11338,-1
11339,1
11340,-1
11341,0
11342,-1
11343,0
11344,-1
11345,-1
11346,-1
11347,0
11348,-1
11349,-1
11350,-1
11351,-1
11352,-1
11353,0
11354,0
11355,0
11356,-1
11357,-1
11358,-1
11359,1
11360,-1
11361,-1
11362,-1
11363,1
11364,-1
11365,-1
11366,1
11367,-1
11368,-1
11369,-1
11370,-1
11371,-1
11372,-1
11373,0
11374,1
11375,-1
11376,-1
11377,-1
11378,0
11379,-1
11380,0
11381,-1
11382,0
11383,1
11384,-1
11385,-1
11386,0
11387,0
11388,1
11389,-1
11390,0
11391,0
11392,-1
11393,1
11394,-1
11395,-1
11396,-1
11397,-1
11398,-1
11399,-1
11400,-1
11401,-1
11402,-1
11403,-1
11404,-1
11405,1
11406,-1
11407,-1
11408,-1
11409,-1
11410,-1
11411,1
11412,-1
11413,0
11414,-1
11415,-1
11416,-1
11417,0
11418,1
11419,-1
11420,1
11421,1
11422,-1
11423,0
11424,-1
11425,-1
11426,1
11427,-1
11428,-1
11429,-1
11430,1
11431,-1
11432,-1
11433,-1
11434,1
11435,-1
11436,-1
11437,-1
11438,1
11439,-1
11440,1
11441,0
11442,0
11443,0
11444,1
11445,1
11446,-1
11447,-1
11448,-1
11449,-1
11450,-1
11451,-1
11452,-1
11453,-1
11454,0
11455,-1
11456,-1
11457,-1
11458,-1
11459,0
11460,-1
11461,-1
11462,0
11463,-1
11464,-1
11465,-1
11466,-1
11467,-1
11468,-1
11469,0
11470,-1
11471,-1
11472,-1
11473,-1
11474,-1
11475,-1
11476,-1
11477,-1
11478,0
11479,-1
11480,-1
11481,-1
11482,0
11483,0
11484,-1
11485,-1
11486,0
11487,-1
11488,-1
11489,-1
11490,-1
11491,-1
11492,0
11493,-1
11494,-1
11495,-1
11496,1
11497,-1
11498,-1
11499,0
11500,-1
11501,1
11502,-1
11503,1
11504,-1
11505,-1
11506,-1
11507,1
11508,-1
11509,-1
11510,1
11511,0
11512,-1
11513,-1
11514,-1
11515,-1
11516,0
11517,-1
11518,1
11519,-1
11520,0
11521,1
11522,-1
11523,-1
11524,1
11525,-1
11526,1
11527,-1
11528,-1
11529,-1
11530,-1
11531,-1
11532,1
11533,0
11534,0
11535,-1
11536,0
11537,-1
11538,-1
11539,-1
11540,-1
11541,1
11542,1
11543,-1
11544,-1
11545,-1
11546,-1
11547,-1
11548,-1
11549,0
11550,-1
11551,0
11552,-1
11553,-1
11554,-1
11555,-1
11556,-1
11557,-1
11558,-1
11559,-1
11560,0
11561,-1
11562,-1
11563,-1
11564,0
11565,-1
11566,-1
11567,1
11568,1
11569,0
11570,0
11571,0
11572,-1
11573,-1
11574,-1
11575,0
11576,-1
11577,-1
11578,-1
11579,-1
11580,-1
11581,0
11582,-1
11583,-1
11584,0
11585,-1
11586,-1
11587,-1
11588,-1
11589,-1
11590,1
11591,1
11592,1
11593,-1
11594,1
11595,-1
11596,-1
11597,-1
11598,1
11599,1
11600,-1
11601,-1
11602,-1
11603,-1
11604,-1
11605,1
11606,-1
11607,1
11608,-1
11609,-1
11610,1
11611,-1
11612,0
11613,1
11614,-1
11615,-1
11616,-1
11617,0
11618,-1
11619,1
11620,1
11621,-1
11622,1
11623,-1
11624,-1
11625,-1
11626,-1
11627,-1
11628,-1
11629,1
11630,1
11631,0
11632,1
11633,-1
11634,-1
11635,-1
11636,-1
11637,0
11638,-1
11639,0
11640,-1
11641,0
11642,0
11643,0
11644,-1
11645,-1
11646,-1
11647,1
11648,-1
11649,-1
11650,-1
11651,1
11652,0
11653,-1
11654,0
11655,-1
11656,-1
11657,-1
11658,1
11659,-1
11660,0
11661,0
11662,-1
11663,0
11664,-1
11665,-1
11666,-1
11667,-1
11668,-1
11669,-1
11670,1
11671,-1
11672,0
11673,-1
11674,1
11675,-1
11676,0
11677,-1
11678,-1
11679,1
11680,-1
11681,-1
11682,-1
11683,-1
11684,-1
11685,1
11686,-1
11687,0
11688,-1
11689,0
11690,0
11691,-1
11692,1
11693,-1
11694,-1
11695,-1
11696,-1
11697,-1
11698,0
11699,-1
11700,-1
11701,1
11702,-1
11703,-1
11704,-1
11705,-1
11706,0
11707,1
11708,-1
11709,1
11710,1
11711,-1
11712,-1
11713,0
11714,1
11715,-1
11716,-1
11717,-1
11718,0
11719,-1
11720,-1
11721,1
11722,1
11723,-1
11724,-1
11725,-1
11726,-1
11727,-1
11728,-1
11729,-1
11730,1
11731,-1
11732,-1
11733,0
11734,-1
11735,1
11736,-1
11737,-1
11738,-1
11739,-1
11740,1
11741,-1
11742,-1
11743,-1
11744,1
11745,0
11746,-1
11747,0
11748,1
11749,-1
11750,1
11751,-1
11752,-1
11753,1
11754,-1
11755,0
11756,1
11757,0
11758,-1
11759,-1
11760,1
11761,0
11762,-1
11763,-1
11764,-1
11765,0
11766,-1
11767,-1
11768,-1
11769,-1
11770,-1
11771,0
11772,-1
11773,-1
11774,0
11775,-1
11776,-1
11777,1
11778,-1
11779,-1
11780,-1
11781,-1
11782,-1
11783,-1
11784,0
11785,-1
11786,-1
11787,-1
11788,1
11789,-1
11790,1
11791,-1
11792,-1
11793,-1
11794,0
11795,-1
11796,-1
11797,-1
11798,0
11799,0
11800,0
11801,-1
11802,-1
11803,0
11804,-1
11805,-1
11806,-1
11807,0
11808,0
11809,1
11810,-1
11811,-1
11812,-1
11813,-1
11814,-1
11815,1
11816,-1
11817,-1
11818,-1
11819,-1
11820,-1
11821,-1
11822,-1
11823,-1
11824,0
11825,-1
11826,-1
11827,-1
11828,1
11829,-1
11830,1
11831,0
11832,-1
11833,-1
11834,1
11835,0
11836,-1
11837,-1
11838,-1
11839,-1
11840,0
11841,1
11842,-1
11843,-1
11844,-1
11845,1
11846,-1
11847,1
11848,-1
11849,-1
11850,-1
11851,-1
11852,-1
11853,0
11854,0
11855,-1
11856,1
11857,1
11858,1
11859,-1
11860,-1
11861,0
11862,-1
11863,0
11864,0
11865,-1
11866,0
11867,-1
11868,-1
11869,0
11870,-1
11871,0
11872,-1
11873,-1
11874,0
11875,0
11876,-1
11877,-1
11878,-1
11879,-1
11880,-1
11881,-1
11882,-1
11883,0
11884,-1
11885,-1
11886,-1
11887,-1
11888,1
11889,1
11890,-1
11891,-1
11892,0
11893,0
11894,-1
11895,-1
11896,-1
11897,-1
11898,-1
11899,1
11900,1
11901,0
11902,-1
11903,1
11904,-1
11905,-1
11906,-1
11907,-1
11908,0
11909,-1
11910,-1
11911,-1
11912,-1
11913,-1
11914,-1
11915,-1
11916,-1
11917,-1
11918,-1
11919,1
11920,-1
11921,-1
11922,-1
11923,-1
11924,1
11925,1
11926,0
11927,1
11928,0
11929,-1
11930,1
11931,1
11932,-1
11933,1
11934,-1
11935,1
11936,-1
11937,-1
11938,-1
11939,0
11940,-1
11941,-1
11942,1
11943,-1
11944,-1
11945,-1
11946,-1
11947,-1
11948,0
11949,-1
11950,-1
11951,-1
11952,-1
11953,-1
11954,-1
11955,-1
11956,-1
11957,-1
11958,1
11959,1
11960,1
11961,-1
11962,-1
11963,1
11964,0
11965,1
11966,-1
11967,-1
11968,0
11969,-1
11970,-1
11971,0
11972,-1
11973,0
11974,1
11975,-1
11976,-1
11977,-1
11978,1
11979,-1
11980,0
11981,0
11982,-1
11983,0
11984,-1
11985,-1
11986,-1
11987,-1
11988,-1
11989,-1
11990,-1
11991,-1
11992,0
11993,-1
11994,-1
11995,-1
11996,1
11997,-1
11998,-1
11999,0
12000,-1
12001,0
12002,0
12003,-1
12004,-1
12005,1
12006,0
12007,0
12008,-1
12009,0
12010,-1
12011,-1
12012,-1
12013,0
12014,0
12015,0
12016,-1
12017,1
12018,-1
12019,1
12020,-1
12021,-1
12022,-1
12023,-1
12024,-1
12025,-1
12026,-1
12027,0
12028,-1
12029,-1
12030,-1
12031,0
12032,-1
12033,-1
12034,-1
12035,-1
12036,-1
12037,-1
12038,1
12039,-1
12040,0
12041,-1
12042,-1
12043,-1
12044,1
12045,-1
12046,-1
12047,-1
12048,-1
12049,-1
12050,-1
12051,0
12052,-1
12053,1
12054,-1
12055,1
12056,-1
12057,1
12058,-1
12059,-1
12060,-1
12061,-1
12062,0
12063,0
12064,-1
12065,-1
12066,-1
12067,-1
12068,-1
12069,0
12070,1
12071,1
12072,-1
12073,-1
12074,0
12075,-1
12076,0
12077,-1
12078,-1
12079,0
12080,0
12081,-1
12082,-1
12083,1
12084,-1
12085,-1
12086,1
12087,1
12088,-1
12089,-1
12090,-1
12091,-1
12092,-1
12093,0
12094,-1
12095,1
12096,-1
12097,0
12098,0
12099,0
12100,-1
12101,1
12102,1
12103,-1
12104,-1
12105,1
12106,-1
12107,-1
12108,1
12109,-1
12110,-1
12111,0
12112,-1
12113,-1
12114,-1
12115,-1
12116,-1
12117,-1
12118,-1
12119,-1
12120,-1
12121,-1
12122,0
12123,-1
12124,-1
12125,-1
12126,0
12127,-1
12128,-1
12129,-1
12130,0
12131,-1
12132,0
12133,-1
12134,0
12135,1
12136,-1
12137,1
12138,-1
12139,-1
12140,-1
12141,-1
12142,0
12143,-1
12144,1
12145,-1
12146,-1
12147,1
12148,-1
12149,-1
12150,-1
12151,-1
12152,-1
12153,-1
12154,1
12155,0
12156,-1
12157,-1
12158,-1
12159,-1
12160,-1
12161,-1
12162,0
12163,-1
12164,-1
12165,0
12166,-1
12167,-1
12168,0
12169,0
12170,-1
12171,1
12172,0
12173,-1
12174,-1
12175,-1
12176,1
12177,-1
12178,-1
12179,-1
12180,1
12181,-1
12182,1
12183,-1
12184,-1
12185,-1
12186,0
12187,0
12188,-1
12189,-1
12190,0
12191,-1
12192,-1
12193,1
12194,1
12195,-1
12196,-1
12197,-1
12198,-1
12199,-1
12200,-1
12201,-1
12202,-1
12203,-1
12204,0
12205,-1
12206,-1
12207,-1
12208,0
12209,-1
12210,1
12211,-1
12212,1
12213,-1
12214,1
12215,-1
12216,1
12217,0
12218,-1
12219,-1
12220,0
12221,-1
12222,-1
12223,-1
12224,-1
12225,1
12226,-1
12227,1
12228,-1
12229,-1
12230,0
12231,0
12232,0
12233,0
12234,-1
12235,-1
12236,-1
12237,-1
12238,0
12239,1
12240,-1
12241,-1
12242,-1
12243,-1
12244,-1
12245,-1
12246,-1
12247,0
12248,-1
12249,-1
12250,-1
12251,0
12252,-1
12253,-1
12254,-1
12255,-1
12256,-1
12257,-1
12258,1
12259,-1
12260,-1
12261,-1
12262,0
12263,-1
12264,-1
12265,-1
12266,-1
12267,0
12268,0
12269,-1
12270,0
12271,-1
12272,-1
12273,0
12274,-1
12275,-1
12276,-1
12277,-1
12278,1
12279,-1
12280,0
12281,-1
12282,-1
12283,-1
12284,-1
12285,0
12286,-1
12287,-1
12288,0
12289,-1
12290,0
12291,-1
12292,0
12293,1
12294,-1
12295,-1
12296,-1
12297,0
12298,1
12299,0
12300,-1
12301,-1
12302,-1
12303,-1
12304,0
12305,-1
12306,0
12307,0
12308,-1
12309,-1
12310,-1
12311,-1
12312,-1
12313,1
12314,-1
12315,-1
12316,-1
12317,-1
12318,-1
12319,-1
12320,0
12321,-1
12322,-1
12323,0
12324,1
12325,-1
12326,-1
12327,-1
12328,-1
12329,0
12330,-1
12331,-1
12332,0
12333,-1
12334,0
12335,-1
12336,-1
12337,-1
12338,-1
12339,-1
12340,-1
12341,-1
12342,1
12343,-1
12344,-1
12345,-1
12346,0
12347,-1
12348,-1
12349,-1
12350,-1
12351,-1
12352,-1
12353,0
12354,-1
12355,-1
12356,-1
12357,0
12358,-1
12359,-1
12360,1
12361,-1
12362,-1
12363,-1
12364,-1
12365,-1
12366,-1
12367,-1
12368,-1
12369,0
12370,-1
12371,0
12372,0
12373,1
12374,-1
12375,-1
12376,0
12377,-1
12378,-1
12379,-1
12380,-1
12381,-1
12382,-1
12383,-1
12384,1
12385,-1
12386,-1
12387,1
12388,-1
12389,-1
12390,1
12391,-1
12392,0
12393,-1
12394,-1
12395,-1
12396,-1
12397,-1
12398,1
12399,-1
12400,-1
12401,-1
12402,-1
12403,-1
12404,-1
12405,1
12406,-1
12407,0
12408,-1
12409,1
12410,-1
12411,-1
12412,-1
12413,-1
12414,-1
12415,0
12416,-1
12417,-1
12418,-1
12419,-1
12420,0
12421,-1
12422,-1
12423,-1
12424,-1
12425,-1
12426,-1
12427,1
12428,-1
12429,1
12430,-1
12431,-1
12432,0
12433,-1
12434,-1
12435,-1
12436,-1
12437,1
12438,0
12439,-1
12440,1
12441,1
12442,-1
12443,-1
12444,-1
12445,0
12446,-1
12447,1
12448,-1
12449,-1
12450,1
12451,0
12452,-1
12453,0
12454,-1
12455,-1
12456,-1
12457,1
12458,-1
12459,0
12460,0
12461,-1
12462,1
12463,0
12464,1
12465,1
12466,1
12467,0
12468,-1
12469,-1
12470,-1
12471,0
12472,1
12473,-1
12474,1
12475,0
12476,-1
12477,0
12478,0
12479,1
12480,-1
12481,-1
12482,0
12483,1
12484,0
12485,-1
12486,1
12487,-1
12488,0
12489,-1
12490,-1
12491,-1
12492,1
12493,-1
12494,-1
12495,-1
12496,-1
12497,-1
12498,-1
12499,1
12500,-1
12501,0
12502,-1
12503,1
12504,-1
12505,-1
12506,0
12507,0
12508,-1
12509,-1
12510,-1
12511,-1
12512,-1
12513,-1
12514,-1
12515,0
12516,-1
12517,1
12518,-1
12519,0
12520,1
12521,0
12522,-1
12523,-1
12524,-1
12525,-1
12526,0
12527,-1
12528,-1
12529,-1
12530,-1
12531,-1
12532,-1
12533,1
12534,0
12535,0
12536,-1
12537,-1
12538,-1
12539,-1
12540,-1
12541,-1
12542,0
12543,-1
12544,0
12545,-1
12546,-1
12547,-1
12548,0
12549,1
12550,0
12551,-1
12552,-1
12553,-1
12554,-1
12555,0
12556,0
12557,-1
12558,-1
12559,1
12560,-1
12561,0
12562,-1
12563,-1
12564,-1
12565,0
12566,-1
12567,-1
12568,-1
12569,1
12570,0
12571,-1
12572,-1
12573,-1
12574,-1
12575,1
12576,0
12577,-1
12578,-1
12579,-1
12580,-1
12581,0
12582,-1
12583,0
12584,1
12585,-1
12586,-1
12587,0
12588,-1
12589,-1
12590,-1
12591,-1
12592,0
12593,-1
12594,1
12595,-1
12596,-1
12597,1
12598,-1
12599,-1
12600,0
12601,1
12602,0
12603,0
12604,-1
12605,1
12606,-1
12607,0
12608,1
12609,-1
12610,0
12611,-1
12612,-1
12613,0
12614,0
12615,-1
12616,-1
12617,-1
12618,0
12619,-1
12620,-1
12621,0
12622,-1
12623,-1
12624,0
12625,-1
12626,-1
12627,0
12628,0
12629,1
12630,-1
12631,-1
12632,-1
12633,1
12634,1
12635,-1
12636,-1
12637,-1
12638,-1
12639,-1
12640,-1
12641,-1
12642,0
12643,-1
12644,-1
12645,-1
12646,-1
12647,-1
12648,-1
12649,0
12650,-1
12651,-1
12652,-1
12653,1
12654,-1
12655,-1
12656,-1
12657,1
12658,1
12659,-1
12660,-1
12661,0
12662,-1
12663,-1
12664,-1
12665,0
12666,-1
12667,-1
12668,0
12669,-1
12670,-1
12671,-1
12672,-1
12673,1
12674,-1
12675,-1
12676,-1
12677,1
12678,1
12679,-1
12680,0
12681,1
12682,1
12683,-1
12684,0
12685,-1
12686,-1
12687,1
12688,0
12689,0
12690,-1
12691,0
12692,0
12693,-1
12694,-1
12695,0
12696,1
12697,1
12698,-1
12699,-1
12700,-1
12701,1
12702,-1
12703,-1
12704,-1
12705,-1
12706,1
12707,-1
12708,-1
12709,-1
12710,-1
12711,-1
12712,0
12713,0
12714,-1
12715,-1
12716,-1
12717,-1
12718,-1
12719,1
12720,-1
12721,-1
12722,-1
12723,-1
12724,-1
12725,-1
12726,-1
12727,-1
12728,-1
12729,-1
12730,-1
12731,0
12732,0
12733,-1
12734,0
12735,0
12736,-1
12737,-1
12738,-1
12739,-1
12740,-1
12741,0
12742,-1
12743,-1
12744,-1
12745,-1
12746,0
12747,-1
12748,-1
12749,-1
12750,1
12751,0
12752,0
12753,1
12754,-1
12755,-1
12756,-1
12757,-1
12758,1
12759,-1
12760,-1
12761,-1
12762,-1
12763,-1
12764,-1
12765,-1
12766,-1
12767,-1
12768,0
12769,-1
12770,0
12771,1
12772,-1
12773,-1
12774,-1
12775,-1
12776,-1
12777,0
12778,0
12779,-1
12780,0
12781,-1
12782,0
12783,-1
12784,-1
12785,0
12786,0
12787,0
12788,-1
12789,0
12790,0
12791,-1
12792,-1
12793,-1
12794,-1
12795,0
12796,-1
12797,1
12798,-1
12799,-1
12800,-1
12801,-1
12802,-1
12803,-1
12804,-1
12805,0
12806,0
12807,-1
12808,0
12809,-1
12810,-1
12811,-1
12812,0
12813,1
12814,-1
12815,-1
12816,-1
12817,-1
12818,1
12819,0
12820,-1
12821,0
12822,1
12823,-1
12824,-1
12825,0
12826,-1
12827,0
12828,0
12829,-1
12830,1
12831,-1
12832,-1
12833,1
12834,-1
12835,-1
12836,-1
12837,-1
12838,-1
12839,-1
12840,0
12841,-1
12842,-1
12843,1
12844,-1
12845,0
12846,1
12847,-1
12848,-1
12849,0
12850,-1
12851,-1
12852,-1
12853,-1
12854,-1
12855,-1
12856,1
12857,-1
12858,0
12859,-1
12860,-1
12861,0
12862,-1
12863,0
12864,-1
12865,-1
12866,-1
12867,0
12868,-1
12869,-1
12870,-1
12871,-1
12872,0
12873,0
12874,1
12875,1
12876,-1
12877,-1
12878,1
12879,-1
12880,-1
12881,1
12882,-1
12883,-1
12884,-1
12885,1
12886,-1
12887,-1
12888,-1
12889,-1
12890,0
12891,-1
12892,1
12893,0
12894,-1
12895,0
12896,0
12897,1
12898,1
12899,0
12900,1
12901,0
12902,-1
12903,0
12904,0
12905,1
12906,-1
12907,-1
12908,-1
12909,1
12910,0
12911,-1
12912,0
12913,-1
12914,-1
12915,1
12916,0
12917,0
12918,-1
12919,-1
12920,1
12921,0
12922,0
12923,-1
12924,-1
12925,-1
12926,0
12927,-1
12928,1
12929,-1
12930,-1
12931,-1
12932,-1
12933,-1
12934,-1
12935,-1
12936,-1
12937,1
12938,-1
12939,1
12940,-1
12941,-1
12942,-1
12943,0
12944,-1
12945,-1
12946,0
12947,-1
12948,-1
12949,0
12950,-1
12951,-1
12952,-1
12953,0
12954,-1
12955,-1
12956,-1
12957,-1
12958,-1
12959,-1
12960,-1
12961,0
12962,1
12963,0
12964,-1
12965,-1
12966,-1
12967,-1
12968,-1
12969,-1
12970,-1
12971,0
12972,-1
12973,-1
12974,-1
12975,-1
12976,-1
12977,-1
12978,-1
12979,1
12980,-1
12981,0
12982,-1
12983,-1
12984,-1
12985,0
12986,1
12987,-1
12988,-1
12989,-1
12990,-1
12991,-1
12992,-1
12993,-1
12994,0
12995,-1
12996,-1
12997,0
12998,-1
12999,-1
13000,-1
13001,0
13002,1
13003,0
13004,0
13005,-1
13006,1
13007,-1
13008,-1
13009,0
13010,0
13011,-1
13012,0
13013,1
13014,-1
13015,-1
13016,-1
13017,-1
13018,-1
13019,0
13020,1
13021,0
13022,-1
13023,-1
13024,0
13025,-1
13026,-1
13027,1
13028,-1
13029,1
13030,-1
13031,1
13032,-1
13033,-1
13034,-1
13035,1
13036,0
13037,1
13038,-1
13039,-1
13040,0
13041,0
13042,1
13043,0
13044,-1
13045,-1
13046,-1
13047,-1
13048,0
13049,-1
13050,-1
13051,-1
13052,1
13053,1
13054,0
13055,-1
13056,-1
13057,-1
13058,0
13059,-1
13060,0
13061,-1
13062,-1
13063,-1
13064,-1
13065,-1
13066,-1
13067,1
13068,-1
13069,-1
13070,1
13071,-1
13072,-1
13073,1
13074,-1
13075,-1
13076,-1
13077,-1
13078,-1
13079,-1
13080,-1
13081,-1
13082,-1
13083,-1
13084,-1
13085,-1
13086,-1
13087,-1
13088,1
13089,-1
13090,-1
13091,0
13092,0
13093,-1
13094,0
13095,-1
13096,-1
13097,-1
13098,0
13099,1
13100,0
13101,-1
13102,-1
13103,-1
13104,0
13105,-1
13106,1
13107,1
13108,-1
13109,1
13110,-1
13111,-1
13112,-1
13113,-1
13114,0
13115,-1
13116,-1
13117,-1
13118,1
13119,-1
13120,-1
13121,0
13122,-1
13123,-1
13124,1
13125,-1
13126,1
13127,-1
13128,1
13129,-1
13130,0
13131,1
13132,1
13133,-1
13134,-1
13135,-1
13136,-1
13137,-1
13138,-1
13139,-1
13140,-1
13141,0
13142,1
13143,1
13144,-1
13145,-1
13146,-1
13147,1
13148,0
13149,-1
13150,-1
13151,-1
13152,0
13153,0
13154,-1
13155,-1
13156,0
13157,-1
13158,0
13159,-1
13160,-1
13161,-1
13162,-1
13163,-1
13164,-1
13165,1
13166,-1
13167,1
13168,-1
13169,0
13170,-1
13171,0
13172,0
13173,-1
13174,-1
13175,-1
13176,1
13177,0
13178,-1
13179,0
13180,0
13181,1
13182,-1
13183,-1
13184,-1
13185,-1
13186,-1
13187,0
13188,-1
13189,-1
13190,-1
13191,-1
13192,0
13193,0
13194,0
13195,-1
13196,-1
13197,-1
13198,-1
13199,-1
13200,0
13201,-1
13202,1
13203,-1
13204,-1
13205,-1
13206,-1
13207,-1
13208,-1
13209,-1
13210,-1
13211,0
13212,-1
13213,-1
13214,1
13215,-1
13216,-1
13217,-1
13218,1
13219,-1
13220,-1
13221,-1
13222,-1
13223,-1
13224,-1
13225,-1
13226,-1
13227,-1
13228,-1
13229,-1
13230,0
13231,-1
13232,1
13233,0
13234,0
13235,-1
13236,-1
13237,-1
13238,-1
13239,-1
13240,-1
13241,-1
13242,-1
13243,-1
13244,-1
13245,-1
13246,-1
13247,-1
13248,-1
13249,-1
13250,0
13251,-1
13252,1
13253,0
13254,-1
13255,0
13256,-1
13257,-1
13258,0
13259,-1
13260,-1
13261,0
13262,-1
13263,0
13264,1
13265,-1
13266,-1
13267,-1
13268,1
13269,-1
13270,-1
13271,-1
13272,-1
13273,0
13274,0
13275,1
13276,-1
13277,-1
13278,-1
13279,1
13280,-1
13281,0
13282,1
13283,0
13284,-1
13285,-1
13286,0
13287,-1
13288,-1
13289,-1
13290,-1
13291,-1
13292,-1
13293,-1
13294,-1
13295,-1
13296,1
13297,-1
13298,-1
13299,0
13300,1
13301,0
13302,-1
13303,-1
13304,1
13305,0
13306,-1
13307,-1
13308,1
13309,-1
13310,0
13311,0
13312,-1
13313,-1
13314,-1
13315,-1
13316,-1
13317,0
13318,1
13319,-1
13320,-1
13321,-1
13322,0
13323,-1
13324,-1
13325,-1
13326,0
13327,-1
13328,1
13329,1
13330,1
13331,-1
13332,1
13333,0
13334,-1
13335,-1
13336,-1
13337,-1
13338,-1
13339,-1
13340,-1
13341,-1
13342,0
13343,-1
13344,0
13345,-1
13346,-1
13347,-1
13348,-1
13349,-1
13350,-1
13351,0
13352,-1
13353,0
13354,0
13355,1
13356,0
13357,-1
13358,-1
13359,-1
13360,0
13361,1
13362,0
13363,0
13364,0
13365,-1
13366,1
13367,0
13368,-1
13369,1
13370,1
13371,-1
13372,-1
13373,-1
13374,-1
13375,0
13376,-1
13377,-1
13378,-1
13379,-1
13380,-1
13381,-1
13382,1
13383,-1
13384,-1
13385,1
13386,0
13387,-1
13388,1
13389,0
13390,-1
13391,0
13392,-1
13393,-1
13394,-1
13395,-1
13396,1
13397,0
13398,0
13399,0
13400,0
13401,-1
13402,0
13403,-1
13404,-1
13405,-1
13406,0
13407,-1
13408,-1
13409,0
13410,-1
13411,-1
13412,-1
13413,1
13414,1
13415,1
13416,0
13417,0
13418,1
13419,-1
13420,-1
13421,-1
13422,-1
13423,0
13424,0
13425,0
13426,0
13427,-1
13428,0
13429,-1
13430,-1
13431,1
13432,0
13433,0
13434,1
13435,-1
13436,-1
13437,-1
13438,-1
13439,-1
13440,1
13441,0
13442,-1
13443,-1
13444,-1
13445,-1
13446,1
13447,-1
13448,-1
13449,-1
13450,-1
13451,-1
13452,-1
13453,0
13454,-1
13455,1
13456,0
13457,0
13458,-1
13459,-1
13460,0
13461,-1
13462,-1
13463,0
13464,-1
13465,-1
13466,-1
13467,1
13468,-1
13469,-1
13470,1
13471,-1
13472,-1
13473,-1
13474,1
13475,-1
13476,1
13477,-1
13478,-1
13479,-1
13480,0
13481,-1
13482,1
13483,0
13484,-1
13485,-1
13486,0
13487,0
13488,-1
13489,1
13490,1
13491,0
13492,-1
13493,0
13494,-1
13495,-1
13496,-1
13497,1
13498,0
13499,-1
13500,-1
13501,-1
13502,-1
13503,-1
13504,-1
13505,0
13506,-1
13507,0
13508,0
13509,-1
13510,-1
13511,0
13512,-1
13513,1
13514,-1
13515,-1
13516,-1
13517,-1
13518,-1
13519,-1
13520,-1
13521,-1
13522,0
13523,-1
13524,-1
13525,1
13526,1
13527,-1
13528,-1
13529,1
13530,1
13531,-1
13532,0
13533,0
13534,-1
13535,0
13536,-1
13537,-1
13538,-1
13539,-1
13540,0
13541,0
13542,0
13543,-1
13544,-1
13545,-1
13546,1
13547,1
13548,-1
13549,-1
13550,0
13551,0
13552,0
13553,-1
13554,1
13555,-1
13556,0
13557,-1
13558,-1
13559,-1
13560,-1
13561,-1
13562,-1
13563,-1
13564,1
13565,-1
13566,1
13567,-1
13568,-1
13569,-1
13570,0
13571,0
13572,1
13573,-1
13574,-1
13575,-1
13576,-1
13577,-1
13578,0
13579,-1
13580,-1
13581,-1
13582,-1
13583,-1
13584,-1
13585,-1
13586,-1
13587,1
13588,-1
13589,-1
13590,-1
13591,-1
13592,-1
13593,-1
13594,1
13595,-1
13596,-1
13597,-1
13598,-1
13599,1
13600,-1
13601,0
13602,0
13603,-1
13604,-1
13605,0
13606,-1
13607,-1
13608,1
13609,0
13610,-1
13611,-1
13612,1
13613,-1
13614,-1
13615,-1
13616,1
13617,-1
13618,-1
13619,-1
13620,0
13621,0
13622,-1
13623,-1
13624,-1
13625,-1
13626,1
13627,-1
13628,1
13629,-1
13630,-1
13631,-1
13632,-1
13633,-1
13634,-1
13635,-1
13636,-1
13637,0
13638,1
13639,-1
13640,-1
13641,-1
13642,-1
13643,-1
13644,1
13645,1
13646,-1
13647,-1
13648,-1
13649,0
13650,-1
13651,-1
13652,-1
13653,-1
13654,-1
13655,-1
13656,-1
13657,-1
13658,-1
13659,0
13660,0
13661,0
13662,-1
13663,-1
13664,0
13665,-1
13666,0
13667,1
13668,-1
13669,-1
13670,1
13671,-1
13672,1
13673,-1
13674,-1
13675,0
13676,-1
13677,0
13678,-1
13679,-1
13680,-1
13681,1
13682,1
13683,-1
13684,1
13685,0
13686,-1
13687,-1
13688,-1
13689,-1
13690,-1
13691,-1
13692,-1
13693,-1
13694,-1
13695,0
13696,0
13697,0
13698,1
13699,0
13700,-1
13701,0
13702,-1
13703,-1
13704,1
13705,0
13706,-1
13707,-1
13708,1
13709,-1
13710,1
13711,-1
13712,-1
13713,0
13714,-1
13715,-1
13716,-1
13717,-1
13718,-1
13719,-1
13720,-1
13721,-1
13722,-1
13723,-1
13724,-1
13725,0
13726,-1
13727,-1
13728,-1
13729,0
13730,-1
13731,-1
13732,-1
13733,1
13734,-1
13735,-1
13736,-1
13737,-1
13738,-1
13739,1
13740,-1
13741,0
13742,-1
13743,1
13744,1
13745,-1
13746,-1
13747,-1
13748,0
13749,-1
13750,-1
13751,-1
13752,1
13753,0
13754,1
13755,0
13756,-1
13757,0
13758,1
13759,-1
13760,0
13761,-1
13762,-1
13763,-1
13764,-1
13765,-1
13766,-1
13767,-1
13768,-1
13769,-1
13770,-1
13771,-1
13772,-1
13773,-1
13774,-1
13775,-1
13776,-1
13777,-1
13778,1
13779,0
13780,-1
13781,-1
13782,0
13783,-1
13784,-1
13785,-1
13786,-1
13787,-1
13788,-1
13789,1
13790,-1
13791,-1
13792,-1
13793,-1
13794,-1
13795,0
13796,0
13797,1
13798,-1
13799,-1
13800,-1
13801,1
13802,0
13803,0
13804,-1
13805,-1
13806,-1
13807,1
13808,-1
13809,-1
13810,1
13811,-1
13812,-1
13813,1
13814,1
13815,1
13816,-1
13817,1
13818,0
13819,-1
13820,-1
13821,-1
13822,-1
13823,-1
13824,0
13825,0
13826,1
13827,1
13828,-1
13829,-1
13830,-1
13831,0
13832,0
13833,-1
13834,-1
13835,0
13836,0
13837,-1
13838,1
13839,1
13840,1
13841,0
13842,-1
13843,-1
13844,0
13845,-1
13846,-1
13847,-1
13848,-1
13849,-1
13850,-1
13851,-1
13852,-1
13853,-1
13854,-1
13855,0
13856,1
13857,-1
13858,-1
13859,-1
13860,0
13861,-1
13862,-1
13863,-1
13864,0
13865,0
13866,-1
13867,-1
13868,-1
13869,-1
13870,0
13871,0
13872,-1
13873,-1
13874,-1
13875,1
13876,-1
13877,-1
13878,-1
13879,-1
13880,0
13881,-1
13882,-1
13883,-1
13884,-1
13885,-1
13886,-1
13887,-1
13888,-1
13889,0
13890,0
13891,-1
13892,-1
13893,-1
13894,-1
13895,0
13896,0
13897,-1
13898,-1
13899,-1
13900,0
13901,-1
13902,-1
13903,-1
13904,-1
13905,-1
13906,1
13907,-1
13908,1
13909,-1
13910,-1
13911,1
13912,0
13913,-1
13914,0
13915,0
13916,-1
13917,0
13918,-1
13919,-1
13920,1
13921,1
13922,-1
13923,1
13924,-1
13925,1
13926,0
13927,-1
13928,1
13929,0
13930,-1
13931,0
13932,-1
13933,-1
13934,1
13935,-1
13936,-1
13937,0
13938,0
13939,-1
13940,-1
13941,-1
13942,1
13943,0
13944,0
13945,0
13946,0
13947,-1
13948,0
13949,-1
13950,0
13951,1
13952,-1
13953,0
13954,-1
13955,-1
13956,-1
13957,-1
13958,-1
13959,-1
13960,-1
13961,-1
13962,-1
13963,1
13964,-1
13965,-1
13966,1
13967,-1
13968,1
13969,1
13970,0
13971,-1
13972,0
13973,0
13974,1
13975,0
13976,-1
13977,0
13978,1
13979,0
13980,-1
13981,-1
13982,-1
13983,-1
13984,-1
13985,0
13986,1
13987,0
13988,-1
13989,0
13990,-1
13991,0
13992,0
13993,-1
13994,-1
13995,-1
13996,-1
13997,0
13998,1
13999,1
14000,-1
14001,0
14002,-1
14003,-1
14004,0
14005,1
14006,1
14007,0
14008,-1
14009,0
14010,-1
14011,0
14012,-1
14013,0
14014,-1
14015,1
14016,1
14017,-1
14018,-1
14019,-1
14020,1
14021,-1
14022,-1
14023,-1
14024,-1
14025,-1
14026,-1
14027,1
14028,-1
14029,1
14030,0
14031,0
14032,0
14033,-1
14034,-1
14035,-1
14036,0
14037,-1
14038,-1
14039,-1
14040,-1
14041,-1
14042,1
14043,1
14044,-1
14045,1
14046,1
14047,-1
14048,-1
14049,-1
14050,-1
14051,-1
14052,1
14053,-1
14054,0
14055,-1
14056,-1
14057,-1
14058,0
14059,1
14060,-1
14061,0
14062,-1
14063,-1
14064,-1
14065,-1
14066,-1
14067,1
14068,-1
14069,-1
14070,-1
14071,-1
14072,-1
14073,0
14074,-1
14075,-1
14076,-1
14077,0
14078,-1
14079,1
14080,-1
14081,-1
14082,-1
14083,-1
14084,0
14085,0
14086,1
14087,-1
14088,1
14089,0
14090,-1
14091,0
14092,-1
14093,0
14094,-1
14095,0
14096,-1
14097,1
14098,-1
14099,-1
14100,-1
14101,-1
14102,-1
14103,1
14104,-1
14105,-1
14106,-1
14107,-1
14108,-1
14109,0
14110,-1
14111,0
14112,-1
14113,-1
14114,0
14115,-1
14116,0
14117,1
14118,0
14119,1
14120,1
14121,0
14122,-1
14123,-1
14124,0
14125,1
14126,-1
14127,0
14128,-1
14129,1
14130,-1
14131,-1
14132,1
14133,1
14134,-1
14135,-1
14136,-1
14137,-1
14138,-1
14139,1
14140,-1
14141,-1
14142,-1
14143,-1
14144,-1
14145,-1
14146,-1
14147,-1
14148,-1
14149,-1
14150,-1
14151,-1
14152,0
14153,-1
14154,1
14155,0
14156,0
14157,0
14158,-1
14159,-1
14160,-1
14161,1
14162,0
14163,-1
14164,1
14165,-1
14166,1
14167,-1
14168,-1
14169,-1
14170,-1
14171,0
14172,-1
14173,0
14174,1
14175,-1
14176,-1
14177,-1
14178,0
14179,-1
14180,-1
14181,-1
14182,0
14183,1
14184,-1
14185,-1
14186,-1
14187,-1
14188,1
14189,1
14190,-1
14191,-1
14192,-1
14193,-1
14194,0
14195,-1
14196,-1
14197,-1
14198,1
14199,-1
14200,1
14201,-1
14202,0
14203,-1
14204,-1
14205,-1
14206,-1
14207,-1
14208,-1
14209,0
14210,-1
14211,-1
14212,-1
14213,-1
14214,0
14215,-1
14216,-1
14217,-1
14218,-1
14219,-1
14220,0
14221,-1
14222,1
14223,0
14224,-1
14225,0
14226,-1
14227,-1
14228,1
14229,0
14230,1
14231,-1
14232,-1
14233,-1
14234,-1
14235,-1
14236,-1
14237,1
14238,-1
14239,-1
14240,-1
14241,-1
14242,0
14243,-1
14244,-1
14245,0
14246,-1
14247,-1
14248,0
14249,1
14250,1
14251,1
14252,-1
14253,1
14254,-1
14255,-1
14256,0
14257,-1
14258,-1
14259,-1
14260,1
14261,-1
14262,0
14263,-1
14264,0
14265,-1
14266,-1
14267,-1
14268,-1
14269,-1
14270,-1
14271,-1
14272,-1
14273,1
14274,-1
14275,-1
14276,-1
14277,0
14278,-1
14279,-1
14280,0
14281,-1
14282,-1
14283,-1
14284,-1
14285,-1
14286,-1
14287,-1
14288,-1
14289,-1
14290,0
14291,-1
14292,0
14293,-1
14294,-1
14295,-1
14296,-1
14297,-1
14298,-1
14299,-1
14300,-1
14301,-1
14302,-1
14303,-1
14304,-1
14305,0
14306,-1
14307,-1
14308,0
14309,0
14310,-1
14311,-1
14312,-1
14313,0
14314,-1
14315,-1
14316,-1
14317,0
14318,1
14319,-1
14320,-1
14321,-1
14322,-1
14323,0
14324,1
14325,-1
14326,0
14327,-1
14328,-1
14329,-1
14330,-1
14331,-1
14332,-1
14333,-1
14334,-1
14335,-1
14336,-1
14337,-1
14338,-1
14339,-1
14340,-1
14341,-1
14342,-1
14343,-1
14344,-1
14345,0
14346,0
14347,-1
14348,-1
14349,-1
14350,1
14351,-1
14352,-1
14353,-1
14354,1
14355,-1
14356,-1
14357,-1
14358,1
14359,1
14360,1
14361,0
14362,-1
14363,1
14364,-1
14365,-1
14366,-1
14367,-1
14368,-1
14369,-1
14370,-1
14371,0
14372,-1
14373,1
14374,-1
14375,1
14376,1
14377,-1
14378,-1
14379,-1
14380,-1
14381,0
14382,-1
14383,1
14384,-1
14385,0
14386,0
14387,1
14388,-1
14389,-1
14390,1
14391,0
14392,1
14393,1
14394,-1
14395,-1
14396,-1
14397,1
14398,1
14399,1
14400,1
14401,1
14402,-1
14403,-1
14404,0
14405,-1
14406,-1
14407,-1
14408,0
14409,-1
14410,-1
14411,-1
14412,-1
14413,0
14414,0
14415,0
14416,0
14417,-1
14418,-1
14419,-1
14420,-1
14421,0
14422,-1
14423,0
14424,-1
14425,-1
14426,-1
14427,-1
14428,0
14429,-1
14430,-1
14431,-1
14432,0
14433,-1
14434,-1
14435,-1
14436,-1
14437,-1
14438,-1
14439,-1
14440,0
14441,-1
14442,-1
14443,-1
14444,-1
14445,1
14446,-1
14447,1
14448,-1
14449,-1
14450,-1
14451,1
14452,-1
14453,-1
14454,-1
14455,-1
14456,-1
14457,0
14458,-1
14459,-1
14460,-1
14461,-1
14462,-1
14463,1
14464,0
14465,-1
14466,-1
14467,0
14468,-1
14469,0
14470,1
14471,-1
14472,-1
14473,1
14474,0
14475,-1
14476,1
14477,-1
14478,-1
14479,-1
14480,-1
14481,-1
14482,-1
14483,0
14484,-1
14485,-1
14486,-1
14487,-1
14488,1
14489,-1
14490,0
14491,0
14492,-1
14493,1
14494,-1
14495,-1
14496,-1
14497,1
14498,1
14499,0
14500,-1
14501,0
14502,-1
14503,-1
14504,1
14505,-1
14506,0
14507,-1
14508,0
14509,0
14510,1
14511,-1
14512,-1
14513,-1
14514,0
14515,-1
14516,-1
14517,1
14518,1
14519,0
14520,0
14521,-1
14522,1
14523,-1
14524,-1
14525,1
14526,-1
14527,-1
14528,-1
14529,-1
14530,-1
14531,-1
14532,-1
14533,-1
14534,-1
14535,-1
14536,1
14537,0
14538,-1
14539,-1
14540,-1
14541,-1
14542,-1
14543,-1
14544,-1
14545,1
14546,-1
14547,-1
14548,0
14549,-1
14550,-1
14551,-1
14552,0
14553,-1
14554,1
14555,-1
14556,-1
14557,-1
14558,-1
14559,-1
14560,-1
14561,-1
14562,-1
14563,-1
14564,-1
14565,-1
14566,-1
14567,0
14568,0
14569,-1
14570,-1
14571,0
14572,-1
14573,0
14574,0
14575,-1
14576,-1
14577,-1
14578,0
14579,-1
14580,0
14581,0
14582,-1
14583,-1
14584,-1
14585,-1
14586,1
14587,0
14588,-1
14589,0
14590,-1
14591,-1
14592,-1
14593,-1
14594,-1
14595,-1
14596,-1
14597,-1
14598,-1
14599,-1
14600,0
14601,-1
14602,-1
14603,-1
14604,0
14605,-1
14606,0
14607,1
14608,-1
14609,-1
14610,-1
14611,-1
14612,0
14613,-1
14614,0
14615,-1
14616,-1
14617,1
14618,-1
14619,1
14620,-1
14621,-1
14622,0
14623,-1
14624,0
14625,0
14626,-1
14627,-1
14628,-1
14629,-1
14630,-1
14631,-1
14632,-1
14633,-1
14634,-1
14635,0
14636,-1
14637,0
14638,0
14639,-1
14640,-1
14641,-1
